T,S,N,s_est,mse,mdcj
129,1,300,1.002,0.000194622704434691,1
129,2,300,2.006,0.000304943781660896,1
129,3,300,3.007,0.000405478736445788,1
